{
    "appKeys": {},
    "capabilities": [
        ""
    ],
    "companyName": "Red Coding",
    "enableMultiJS": true,
    "longName": "Counting Pebbles",
    "projectType": "native",
    "resources": {
        "media": [
            {
                "file": "images/Logo.png",
                "menuIcon": true,
                "name": "IMAGE_LOGO",
                "targetPlatforms": null,
                "type": "bitmap"
            },
            {
                "file": "fonts/XeroxSans9.TTF",
                "name": "FONT_XEROX_SANS_9",
                "targetPlatforms": null,
                "type": "font"
            },
            {
                "file": "fonts/Xenotron40.TTF",
                "name": "FONT_XENOTRON_40",
                "targetPlatforms": null,
                "type": "font"
            },
            {
                "file": "fonts/Xenotron16.ttf",
                "name": "FONT_XENOTRON_16",
                "targetPlatforms": null,
                "type": "font"
            },
            {
                "file": "images/Fondo.png",
                "name": "IMAGE_BACKGROUND",
                "targetPlatforms": null,
                "type": "bitmap"
            }
        ]
    },
    "sdkVersion": "3",
    "shortName": "Count Pebs",
    "targetPlatforms": [
        "aplite"
    ],
    "uuid": "62368c9e-5ce2-4495-b674-7d3ee6169ee0",
    "versionLabel": "1.0",
    "watchapp": {
        "watchface": false
    }
}
